Tool Category,Tool Name,Monthly Cost,Time Saved (hours/week),Hourly Rate,Weekly Value,Monthly Value,Annual Value,ROI Percentage,Setup Time (hours),Learning Curve,Best For
Content Creation,ChatGPT,20,10,50,500,2000,24000,119900,0.5,Easy,General writing
Content Creation,Jasper AI,39,8,50,400,1600,19200,49100,0.75,Medium,Marketing copy
Content Creation,Copy.ai,35,6,50,300,1200,14400,41000,0.5,Easy,Product descriptions
Content Creation,Writesonic,12.67,5,50,250,1000,12000,94600,0.5,Easy,Long-form content
Content Creation,Rytr,9,4,50,200,800,9600,106600,0.25,Easy,Quick content
Business Automation,Zapier,19.99,20,50,1000,4000,48000,239900,1,Easy,Simple automation
Business Automation,Make,9,15,50,750,3000,36000,399900,1.5,Medium,Complex workflows
Business Automation,Power Automate,15,12,50,600,2400,28800,191900,1,Medium,Microsoft ecosystem
Business Automation,IFTTT,3.99,8,50,400,1600,19200,480900,0.5,Easy,Personal automation
Business Automation,Automate.io,19,10,50,500,2000,24000,125900,1,Medium,Marketing automation
Data Analysis,Tableau,70,15,50,750,3000,36000,51400,2,Hard,Complex analysis
Data Analysis,Power BI,10,12,50,600,2400,28800,287900,1,Medium,Business intelligence
Data Analysis,Google Analytics,0,8,50,400,1600,19200,Infinity,0.5,Easy,Website analysis
Data Analysis,Mixpanel,25,6,50,300,1200,14400,57500,1,Medium,Product analytics
Data Analysis,Amplitude,61,10,50,500,2000,24000,32700,1.5,Medium,Product growth
Customer Service,Intercom,39,15,50,750,3000,36000,92200,1,Medium,Live chat
Customer Service,Zendesk,19,12,50,600,2400,28800,151500,1,Medium,Ticket management
Customer Service,Freshdesk,15,10,50,500,2000,24000,159900,0.75,Easy,Small business support
Customer Service,Drift,0,8,50,400,1600,19200,Infinity,0.5,Easy,Lead generation
Customer Service,Tidio,18,6,50,300,1200,14400,79900,0.5,Easy,E-commerce support
Marketing,HubSpot,45,18,50,900,3600,43200,95900,1.5,Medium,Inbound marketing
Marketing,Mailchimp,10,10,50,500,2000,24000,239900,1,Easy,Email marketing
Marketing,ConvertKit,29,8,50,400,1600,19200,66100,1,Medium,Creator marketing
Marketing,ActiveCampaign,29,15,50,750,3000,36000,124100,1.5,Medium,Advanced automation
Marketing,Klaviyo,20,12,50,600,2400,28800,143900,1,Medium,E-commerce marketing
Productivity,Notion AI,8,10,50,500,2000,24000,299900,0.5,Easy,Note-taking
Productivity,Grammarly,12,5,50,250,1000,12000,99900,0.25,Easy,Writing improvement
Productivity,Otter.ai,16.99,8,50,400,1600,19200,112900,0.5,Medium,Meeting transcription
Productivity,Calendly,8,4,50,200,800,9600,119900,0.25,Easy,Appointment scheduling
Productivity,Todoist,4,3,50,150,600,7200,179900,0.25,Easy,Task management
Design,Canva,12.99,8,50,400,1600,19200,147700,0.75,Easy,Social media graphics
Design,Figma,12,10,50,500,2000,24000,199900,1,Medium,UI/UX design
Design,Adobe Creative Suite,52.99,15,50,750,3000,36000,67800,2,Hard,Professional design
Design,Loom,8,6,50,300,1200,14400,179900,0.5,Easy,Screen recording
Design,Unsplash,0,2,50,100,400,4800,Infinity,0.25,Easy,Stock photography
Development,GitHub Copilot,10,20,50,1000,4000,48000,479900,0.5,Medium,Code generation
Development,Replit,7,8,50,400,1600,19200,274100,0.5,Easy,Online coding
Development,Vercel,20,5,50,250,1000,12000,59900,0.5,Easy,Web deployment
Development,Netlify,19,4,50,200,800,9600,50400,0.5,Easy,Static site hosting
Development,Supabase,25,12,50,600,2400,28800,115100,1,Medium,Backend services
